{
  "logreg": {
    "train_sizes": [
      79,
      111
    ],
    "accuracy": [
      0.725,
      0.775
    ],
    "f1_macro": [
      0.6448748991121873,
      0.7254004576659039
    ],
    "cohen_kappa": [
      0.3529411764705882,
      0.48275862068965514
    ],
    "best_params": [
      "{'C': 1}",
      "{'C': 10}"
    ]
  },
  "svm": {
    "train_sizes": [
      79,
      111
    ],
    "accuracy": [
      0.75,
      0.825
    ],
    "f1_macro": [
      0.7333333333333334,
      0.7963636363636364
    ],
    "cohen_kappa": [
      0.46808510638297873,
      0.6067415730337079
    ],
    "best_params": [
      "{'C': 10}",
      "{'C': 1}"
    ]
  }
}